Peptide ID,Decision,E,E-Alpha,E-Beta,Fragment Count,Monoisotopic PPM,Highest Peak PPM,Selected Precursor PPM,Type,Intra/Inter,Modification Name,Peptide RT,Best MS2 RT,Best MS2 Scan Number,z,m/z,Protein 1,Peptide 1,Start 1,Stop 1,Protein 2,Peptide 2,Start 2,Stop 2,Selected Sites,Sites,Site1,Site2,Prot1HX,Prot2HX,Prot1HX-val,Prot2HX-val,Sum,Decision,data,Reagent
1,Accepted,6.97E-18,9.13E-19,0.00000107,17,2.348052735,2.143854635,2.04137616,Cross-linked,Intra,Bound,29.06069,29.06069,7724,4,542.7711085,EZH2,SEKGPVCWR,8,16,EZH2,VKSEYMR,19,25,[K10-K20],1,10,20,NoProtection,,1,2,3,Moderate,1,BS3
2,Accepted,5.86E-11,1.94E-10,0.00000186,13,0.903807982,1.096727442,0.054198219,Cross-linked,Intra,Bound,19.54369,19.54369,4795,5,442.818976,EZH2,NYDGKVHGDR,152,161,EZH2,VKSEYMR,19,25,[K156-K20],1,156,20,NoProtection,,1,2,3,Moderate,1,DSS
3,Accepted,5.38E-15,6.62E-13,3.28E-09,21,0.449478235,0.542013738,0.609691558,Cross-linked,Intra,Bound,12.71776,12.67744,2512,5,516.6546858,EZH2,DLEDHRDDKESRPPR,202,216,EZH2,GSQTGK,1,6,[K210-G1],1,210,1,,NoProtection,2,1,3,Moderate,1,DSS
4,Accepted,4.16E-08,0.000503571,0.000000337,9,1.374472138,1.331354334,1.137610892,Cross-linked,Inter,Bound,17.36337,17.36337,3975,5,534.453392,EZH2,DLEDHRDDKESRPPR,202,216,EED,GSMSER,1,6,[K210-G1],1,210,1,,NoProtection,2,1,3,Moderate,1,DSS
5,Accepted,1.45E-20,2.58E-22,0.00000286,22,0.404168315,0.576283678,0.446741263,Cross-linked,Intra,Bound,30.09155,30.09155,8965,4,747.6363344,EZH2,YDCFLHPFHATPNTYKR,292,308,EZH2,IKTPPK,343,348,[K307-K344],1,307,344,NoProtection,,1,2,3,Moderate,1,DSS
6,Accepted,4.06E-24,1.09E-32,0.000280446,30,0.132546645,0.077764095,0.654329309,Cross-linked,Intra,Bound,22.76804,22.76804,6050,5,716.7644699,EZH2,KNTETALDNKPCGPQCYQHLEGAK,309,332,EZH2,IKTPPK,343,348,[K309-K344],1,309,344,NoProtection,,1,2,3,Moderate,1,DSS
7,Accepted,2.8E-18,2.75E-24,0.002313045,21,0.811974557,0.819212848,0.645470195,Cross-linked,Intra,Bound,20.67221,20.67221,4412,6,644.4914164,EZH2,KNTETALDNKPCGPQCYQHLEGAK,309,332,EZH2,TPPKRPGGR,345,353,[K309-K348],1,309,348,NoProtection,,1,2,3,Moderate,1,BS3
8,Accepted,1.53E-18,1.38E-17,9.48E-08,17,0.475239887,0.576240226,0.812643,Cross-linked,Intra,Bound,38.29318,38.29318,12301,4,595.5874842,EZH2,YSQADALKYVGIER,728,741,EZH2,KIQLK,505,509,[K735-K505],1,735,505,NoProtection,,1,2,3,Moderate,1,DSS
9,Accepted,4.5E-20,7.69E-25,0.013510054,23,0.253461619,0.217030053,2.151954995,Cross-linked,Intra,Bound,16.49722,16.53021,3664,5,588.1017027,AEBP2,HVPTHFSQQNSSKVSSQPK,142,160,AEBP2,AGMNKR,169,174,[K154-K173],1,154,173,NoProtection,,1,2,3,Moderate,1,DSS
10,Accepted,1.69E-16,7.58E-18,4.56E-08,21,0.139116598,0.305079186,0.90267376,Cross-linked,Inter,Bound,12.85425,12.81899,2570,5,654.721591,AEBP2,HVPTHFSQQNSSKVSSQPK,142,160,EZH2,CKAQCNTK,562,569,[K154-K563],1,154,563,NoProtection,,1,2,3,Moderate,1,DSS
11,Accepted,1.39E-09,0.0000144,0.00000238,8,0.752332511,2.729431877,0.369013694,Cross-linked,Inter,Bound,17.722785,17.70192,4107,5,747.939724,AEBP2,HVPTHFSQQNSSKVSSQPK,142,160,EZH2,FCQCSSECQNR,546,556,[K154-S550;K154-S551],2,154,550,NoProtection,,1,2,3,Moderate,1,DSS
12,Accepted,8.49E-11,1.89E-08,0.00000386,11,0.444877409,0.420352315,0.157317242,Cross-linked,Inter,Bound,18.81111,18.81111,4548,5,381.3949406,EZH2,NYDGKVHGDR,152,161,EED,KSWGK,68,72,[K156-K68],1,156,68,NoProtection,,1,2,3,Moderate,1,DSS
13,Accepted,4.03E-09,0.0000278,0.000000136,13,0.469205402,0.277840358,0.982632585,Cross-linked,Intra,Bound,18.21614,18.21614,4320,5,545.4734649,EZH2,DLEDHRDDKESRPPR,202,216,EZH2,KFPSDK,217,222,[K210-K217],1,210,217,,NoProtection,2,1,3,Moderate,1,DSS
14,Accepted,1.14E-08,2.83E-10,0.02240272,13,0.449059532,1.377307728,1.158688994,Cross-linked,Intra,Bound,25.88655,25.88655,7290,4,818.1660525,EZH2,YDCFLHPFHATPNTYKR,292,308,EZH2,TPPKRPGGR,345,353,[K307-K348],1,307,348,NoProtection,,1,2,3,Moderate,1,DSS
15,Accepted,5.69E-12,2.04E-08,0.0000041,10,0.635685743,0.491719252,0.775708466,Cross-linked,Intra,Bound,23.835565,23.80719,5632,6,729.4884334,EZH2,KNTETALDNKPCGPQCYQHLEGAK,309,332,EZH2,FCQCSSECQNR,546,556,[K309-S550;K309-S551],2,309,550,NoProtection,,1,2,3,Moderate,1,BS3
16,Accepted,3.2E-19,4.04E-22,0.000167194,23,0.428603832,0.659806409,0.865926223,Cross-linked,Intra,Bound,16.451735,16.39868,3627,5,833.7892788,EZH2,EAGTETGGENNDKEEEEKKDETSSSSEANSR,383,413,EZH2,IKTPPK,343,348,[K395-K344],1,395,344,NoProtection,,1,2,3,Moderate,1,DSS
17,Accepted,2.55E-16,2.19E-22,0.000999335,21,0.354720947,0.652696131,1.507191897,Cross-linked,Intra,Bound,13.37613,13.41772,2799,6,856.8890264,EZH2,DTDSDREAGTETGGENNDKEEEEKKDETSSSSEANSR,377,413,EZH2,TPPKRPGGR,345,353,[K395-K348;K400-K348],2,395,348,NoProtection,,1,2,3,Moderate,1,DSS
18,Accepted,1.8E-13,2.12E-17,0.014627971,14,0.901467951,0.516474133,0.134173676,Cross-linked,Intra,Bound,21.39737,21.39737,5516,4,804.9268922,SUZ12,NSESLHQENKPGSVKPTQTIAVK,382,404,SUZ12,GSAPQK,1,6,[K396-G1],1,396,1,NoProtection,,1,2,3,Moderate,1,DSS
19,Accepted,6.03E-11,4.04E-15,0.000763498,17,0.632443798,0.371175386,0.331039399,Cross-linked,Intra,Bound,22.32962,22.32962,5866,5,631.3447913,SUZ12,NSESLHQENKPGSVKPTQTIAVK,382,404,SUZ12,KTFK,131,134,[K396-K131],1,396,131,NoProtection,,1,2,3,Moderate,1,DSS
20,Accepted,1.32E-15,6.83E-23,0.000950999,26,1.509459172,0.479411784,0.348569176,Cross-linked,Intra,Bound,32.04973,32.04973,9792,6,717.0505989,SUZ12,NSESLHQENKPGSVKPTQTIAVKESLTTDLQTR,382,414,SUZ12,KTFK,131,134,[K404-K131],1,404,131,NoProtection,,1,2,3,Moderate,1,DSS
21,Accepted,9.56E-10,0.000000018,0.000661787,9,0.169564714,0.169564714,1.556130486,Cross-linked,Intra,Bound,15.3316,15.3316,3369,4,441.4796874,SUZ12,EKDTPNENR,416,424,SUZ12,KTFK,131,134,[K417-K131],1,417,131,NoProtection,,1,2,3,Moderate,1,DSS
22,Accepted,6.58E-09,0.0000257,0.000000439,9,0.661096492,0.661096492,0.163828836,Cross-linked,Intra,Bound,13.17642,13.17642,2714,4,439.4830724,EZH2,GSQTGKK,1,7,EZH2,VKSEYMR,19,25,[K6-K20],1,6,20,NoProtection,,1,2,3,Moderate,1,DSS
23,Accepted,2.09E-17,4.41E-16,9.16E-08,17,0.604134689,0.210599147,0.383182888,Cross-linked,Inter,Bound,21.07172,21.07172,5389,4,649.8202493,SUZ12,EKALETDSVSGVSK,720,733,EZH2,CKAQCNTK,562,569,[K721-K563],1,721,563,NoProtection,,1,2,3,Moderate,1,DSS
24,Accepted,1.28E-17,1.2E-19,7.48E-09,20,0.995858662,0.449199965,1.863458814,Cross-linked,Inter,Bound,19.7296,19.7296,4872,4,671.3322513,SUZ12,ALETDSVSGVSKQSK,722,736,EZH2,CKAQCNTK,562,569,[K733-K563],1,733,563,NoProtection,,1,2,3,Moderate,1,DSS
25,Accepted,2.87E-10,4.85E-11,0.000682032,14,1.086222155,0.413424234,3.082491676,Cross-linked,Intra,Bound,37.27822,37.27822,11891,4,666.3440546,EZH2,YSQADALKYVGIER,728,741,EZH2,VKSEYMR,19,25,[K735-K20],1,735,20,NoProtection,,1,2,3,Moderate,1,DSS
26,Accepted,1.23E-15,8.32E-16,0.000000204,17,0.563189668,0.559155714,0.723854296,Cross-linked,Intra,Bound,24.54902,24.54902,6739,5,460.0373332,EZH2,KSEKGPVCWR,7,16,EZH2,VKSEYMR,19,25,[K7-K20],1,7,20,NoProtection,,1,2,3,Moderate,1,DSS
27,Accepted,7.73E-20,6.11E-17,0.00000348,25,0.052756598,0.826562732,1.981261713,Cross-linked,Intra,Bound,32.89684,32.89684,10148,5,1109.898801,EED,QKLSSDENSNPDLSGDENDDAVSIESGTNTERPDTPTNTPNAPGR,23,67,EED,GSMSER,1,6,[S36-G1],1,36,1,,NoProtection,2,1,3,Moderate,1,DSS
28,Accepted,0.000000247,0.008939889,0.00000012,8,2.294680237,2.294680237,2.82420454,Cross-linked,Intra,Bound,12.08152,12.08152,2251,4,367.1830374,EED,GSMSER,1,6,EED,SWGKGK,69,74,[S4-K72],1,4,72,NoProtection,,1,2,3,Moderate,1,DSS
29,Accepted,4.04E-22,0.000000039,1.49E-13,16,0.245730521,0.935492662,2.454788939,Cross-linked,Intra,Bound,27.53692,27.53692,7931,4,690.0796941,AEBP2,HMLTHSGDKPFK,112,123,AEBP2,GSMSSDGEPLSR,1,12,[K120-G1],1,120,1,Semi,NoProtection,2,1,3,Moderate,2,DSS
30,Accepted,6.41E-12,7.2E-11,3.66E-09,17,0.688982788,0.806693717,0.742043248,Cross-linked,Intra,Bound,19.51035,19.51035,4779,6,610.4765476,AEBP2,HVPTHFSQQNSSKVSSQPK,142,160,AEBP2,HMLTHSGDKPFK,112,123,[K154-K120],1,154,120,NoProtection,Semi,1,2,3,Moderate,2,DSS
31,Accepted,1.99E-28,8.13E-18,3.87E-20,32,0.153255097,0.445228043,0.696893775,Cross-linked,Intra,Bound,27.12678,27.12678,7761,5,855.2235969,AEBP2,HVPTHFSQQNSSKVSSQPK,142,160,AEBP2,GCKVYNTPSTSQSWLQR,95,111,[K154-K97],1,154,97,NoProtection,Semi,1,2,3,Moderate,2,DSS
32,Accepted,1.59E-12,1.76E-10,0.000000558,11,0.661531781,1.005021127,0.985094195,Cross-linked,Intra,Bound,21.24132,21.24132,4627,4,521.777514,EZH2,NYDGKVHGDR,152,161,EZH2,QKILER,47,52,[K156-K48],1,156,48,NoProtection,Semi,1,2,3,Moderate,2,BS3
33,Accepted,8.36E-20,9.52E-19,2.56E-10,22,1.123009338,0.627296832,0.635149471,Cross-linked,Intra,Bound,12.13682,12.13682,2277,4,529.0093361,EZH2,QKDLEDHRDDK,200,210,EZH2,GSQTGK,1,6,[K201-G1],1,201,1,Semi,NoProtection,2,1,3,Moderate,2,DSS
34,Accepted,2.43E-16,1.82E-18,1.86E-09,17,0.581389329,0.474278173,2.838018854,Cross-linked,Intra,Bound,17.5149,17.5149,4031,5,452.2277032,EZH2,QKDLEDHRDDK,200,210,EZH2,KFPSDK,217,222,[K201-K217],1,201,217,Semi,NoProtection,2,1,3,Moderate,2,DSS
35,Accepted,6.82E-15,1.44E-11,2.37E-08,14,0.973566275,0.968134891,0.173633782,Cross-linked,Intra,Bound,24.28595,24.28595,5797,4,466.4990816,EZH2,GTAEELKEK,235,243,EZH2,KFPSDK,217,222,[K241-K217],1,241,217,Semi,NoProtection,2,1,3,Moderate,2,BS3
36,Accepted,1.33E-23,6E-31,0.0000197,28,0.653930963,0.391012738,0.408126886,Cross-linked,Intra,Bound,40.249935,40.2357,13067,4,960.4856082,EZH2,YKELTEQQLPGALPPECTPNIDGPNAK,244,270,EZH2,KFPSDK,217,222,[K245-K217],1,245,217,Semi,NoProtection,2,1,3,Moderate,2,DSS
37,Accepted,1.95E-22,4.72E-18,2.42E-12,26,0.640892163,0.16622204,2.100525681,Cross-linked,Inter,Bound,47.42121,47.42121,15783,4,776.9483685,AEBP2,LPKDTALLLDPNIYR,274,288,SUZ12,STAPIAKPLATR,370,381,[K276-K376],1,276,376,Semi,NoProtection,2,1,3,Moderate,2,DSS
38,Accepted,1.32E-23,3.81E-28,3.91E-08,27,0.013700653,0.068417005,0.344879582,Cross-linked,Inter,Bound,26.22057,26.22057,7425,4,704.593757,EED,ESYDYNPNKTNRPFISQK,278,295,RBBP4,GSADK,1,5,[K286-G1],1,286,1,Semi,NoProtection,2,1,3,Moderate,2,DSS
39,Accepted,3.78E-15,1.34E-12,0.000000715,18,0.290178902,0.701385483,0.094333257,Cross-linked,Intra,Bound,40.09143,40.09143,13011,4,667.8450639,SUZ12,TFVAQMTVFDKNR,295,307,SUZ12,KDVSCPIR,198,205,[K305-K198],1,305,198,NoProtection,Semi,1,2,3,Moderate,2,DSS
40,Accepted,2.96E-21,4.49E-25,0.000000489,26,0.643370316,0.726276947,0.476913632,Cross-linked,Inter,Bound,36.83705,36.83705,11712,4,652.1096895,SUZ12,TFVAQMTVFDKNR,295,307,AEBP2,TKVVHLSK,266,273,[K305-K267],1,305,267,NoProtection,Semi,1,2,3,Moderate,2,DSS
41,Accepted,3.23E-13,6E-12,0.000000164,16,0.665918081,0.755883206,1.711949793,Cross-linked,Intra,Bound,41.16557,41.16557,12710,4,601.0690299,SUZ12,ATWETILDGKR,333,343,SUZ12,KDVSCPIR,198,205,[K342-K198],1,342,198,NoProtection,Semi,1,2,3,Moderate,2,BS3
42,Accepted,0.000000112,0.0000191,0.000156891,7,0.253030766,0.458183339,0.84204642,Cross-linked,Intra,Bound,17.44653,17.44653,4007,4,608.0424889,EED,CTTLTHHKCGAAIR,403,416,EED,GSMSER,1,6,[K410-G1],1,410,1,Semi,NoProtection,2,1,3,Moderate,2,DSS
43,Accepted,1.79E-17,8.46E-11,9.42E-12,18,0.303549243,0.220499637,0.859929212,Cross-linked,Intra,Bound,29.03409,29.03409,8562,4,526.787547,SUZ12,EKDTPNENR,416,424,SUZ12,KLYSLLK,460,466,[K417-K460],1,417,460,NoProtection,Semi,1,2,3,Moderate,2,DSS
44,Accepted,1.39E-17,8.61E-09,1.61E-10,18,1.089221488,1.324499796,0.805523715,Cross-linked,Inter,Bound,41.37771,41.37771,12797,4,743.6155993,SUZ12,FIFNYVYHPKGAR,475,487,AEBP2,GSMSSDGEPLSR,1,12,[K484-G1],1,484,1,Semi,NoProtection,2,1,3,Moderate,2,BS3
45,Accepted,1.04E-18,2.82E-16,3.27E-09,20,0.507103762,0.661599837,0.73569651,Cross-linked,Intra,Bound,33.93655,33.93655,9785,4,713.6094756,SUZ12,FIFNYVYHPKGAR,475,487,SUZ12,EKDTPNENR,416,424,[K484-K417],1,484,417,Semi,NoProtection,2,1,3,Moderate,2,BS3
46,Accepted,6.51E-19,6.06E-14,3.32E-12,26,0.848646691,0.770719248,1.145659244,Cross-linked,Intra,Bound,32.23912,32.23912,9063,5,785.5739004,EZH2,KDGSSNHVYNYQPCDHPR,510,527,EZH2,YSQADALKYVGIER,728,741,[K510-K735],1,510,735,Semi,NoProtection,2,1,3,Moderate,2,BS3
47,Accepted,7.04E-24,5.36E-26,0.000000216,27,0.27404241,0.194077914,0.147669702,Cross-linked,Intra,Bound,43.52463,43.52463,14282,4,826.1681222,SUZ12,TKASMSEFLESEDGEVEQQR,537,556,SUZ12,KLYSLLK,460,466,[K538-K460],1,538,460,NoProtection,Semi,1,2,3,Moderate,2,DSS
48,Accepted,2.19E-23,9.24E-18,7.37E-13,25,0.404797502,0.526103896,0.047490568,Cross-linked,Intra,Bound,39.8929,39.8929,12934,4,905.4429571,EZH2,AQCNTKQCPCYLAVR,564,578,EZH2,YSQADALKYVGIER,728,741,[K569-K735],1,569,735,Semi,NoProtection,2,1,3,Moderate,2,DSS
49,Accepted,1E-20,2.66E-18,8.4E-09,19,0.834854701,0.886270249,1.050491672,Cross-linked,Intra,Bound,28.91302,28.91302,7672,4,686.3452793,EZH2,TEILNQEWKQR,53,63,EZH2,NYDGKVHGDR,152,161,[K61-K156],1,61,156,Semi,NoProtection,2,1,3,Moderate,2,BS3
50,Accepted,6.37E-20,3.62E-23,0.000000011,31,1.409063435,0.521955552,0.645235652,Cross-linked,Intra,Bound,55.01202,55.04281,17953,6,1095.222293,EZH2,HLLLAPSDVAGWGIFIKDPVQKNEFISEYCGEIISQDEADRR,613,654,EZH2,YSQADALKYVGIER,728,741,[K629-K735;K634-K735],2,629,735,Semi,NoProtection,2,1,3,Moderate,2,BS3
51,Accepted,8.22E-28,6.1E-25,2.39E-12,29,2.689699705,2.650814433,1.057171655,Cross-linked,Intra,Bound,47.172025,47.16374,15684,4,1187.825016,EZH2,DPVQKNEFISEYCGEIISQDEADRR,630,654,EZH2,YSQADALKYVGIER,728,741,[K634-K735],1,634,735,Semi,NoProtection,2,1,3,Moderate,2,DSS
52,Accepted,1.03E-13,7.9E-13,0.000000807,15,0.478400217,0.561266682,1.836054435,Cross-linked,Intra,Bound,38.1742,38.1742,11500,4,675.3612404,EZH2,YSQADALKYVGIER,728,741,EZH2,LIGTKTCR,457,464,[K735-K461],1,735,461,NoProtection,Semi,1,2,3,Moderate,2,BS3
53,Accepted,9.04E-18,6.77E-20,0.0000327,19,0.434446561,0.101313274,0.251796755,Cross-linked,Intra,Bound,36.07685,36.07685,10685,4,615.5758452,EZH2,YSQADALKYVGIER,728,741,EZH2,GKVYDK,655,660,[K735-K656],1,735,656,NoProtection,Semi,1,2,3,Moderate,2,BS3
54,Accepted,4.26E-21,3.46E-18,9.27E-10,21,1.362087578,1.608785145,1.284502806,Cross-linked,Inter,Bound,42.65091,42.60105,13273,4,941.2202098,AEBP2,GCKVYNTPSTSQSWLQR,95,111,EZH2,YSQADALKYVGIER,728,741,[K97-K735],1,97,735,Semi,NoProtection,2,1,3,Moderate,2,BS3
55,Accepted,7.65E-15,4.37E-10,6.74E-11,22,0.92793699,0.688241487,2.511991142,Cross-linked,Intra,Bound,34.06509,34.06509,9835,5,759.9549092,EZH2,DGSSNHVYNYQPCDHPR,511,527,EZH2,YSQADALKYVGIER,728,741,[S513-K735;S514-K735],2,513,735,Semi,NoProtection,2,1,3,Moderate,2,BS3
56,Accepted,7.86E-36,4.22E-28,3.73E-18,33,1.018034235,0.795386325,0.20252429,Cross-linked,Inter,Bound,30.89268,30.89268,9336,4,706.0881438,RBBP4,GSADKEAAFDDAVEER,1,16,SUZ12,KDVSCPIR,198,205,[G1-K198],1,1,198,NoProtection,Semi,1,2,3,Moderate,2,DSS
57,Accepted,0.000000131,0.0000032,0.0000683,7,1.118697299,2.051789347,1.497476478,Cross-linked,Inter,Bound,31.2077,31.2077,8605,4,699.5933276,RBBP4,GSADKEAAFDDAVEER,1,16,EZH2,LIGTKTCR,457,464,[G1-K461;K5-K461],2,1,461,NoProtection,Semi,1,2,3,Moderate,2,BS3
58,Accepted,2.64E-16,1.45E-20,0.024988329,16,0.714963983,0.478573295,0.27933811,Cross-linked,Inter,Bound,26.06379,26.06379,7356,4,630.0608241,RBBP4,GSADKEAAFDDAVEER,1,16,SUZ12,NGPVKR,518,523,[G1-K522],1,1,522,NoProtection,Semi,1,2,3,Moderate,2,DSS
59,Accepted,2.19E-10,4.99E-12,0.942073013,12,0.160055416,0.890787389,0.398952229,Cross-linked,Intra,Bound,30.95437,30.95437,8491,4,483.7671932,SUZ12,VDDMLSKVEK,135,144,SUZ12,TNIKR,126,130,[K141-K129],1,141,129,NoProtection,Semi,1,2,3,Moderate,2,BS3
60,Accepted,1.8E-10,0.0000154,2.61E-09,13,0.713106182,1.346714819,0.333089055,Cross-linked,Inter,Bound,20.42229,20.42229,5154,6,678.4972263,AEBP2,HVPTHFSQQNSSKVSSQPK,142,160,RBBP4,HPSKPDPSGECNPDLR,158,173,[K154-K161],1,154,161,NoProtection,Semi,1,2,3,Moderate,2,DSS
61,Accepted,4.06E-09,6.53E-10,0.001266568,11,2.391711217,0.414579687,2.761133818,Cross-linked,Inter,Bound,25.76628,25.76628,7241,4,781.9251598,AEBP2,HVPTHFSQQNSSKVSSQPK,142,160,SUZ12,KLYSLLK,460,466,[K154-K460],1,154,460,NoProtection,Semi,1,2,3,Moderate,2,DSS
62,Accepted,1.64E-12,4.7E-10,0.00000121,12,0.795046647,0.419198948,0.267157422,Cross-linked,Inter,Bound,19.80629,19.80629,4901,5,610.1271632,AEBP2,HVPTHFSQQNSSKVSSQPK,142,160,EZH2,QKILER,47,52,[K154-K48],1,154,48,NoProtection,Semi,1,2,3,Moderate,2,DSS
63,Accepted,5.44E-11,1E-13,0.000572192,19,0.891700082,0.544507756,1.781272846,Cross-linked,Inter,Bound,29.45125,29.45125,8724,6,646.1671511,AEBP2,HVPTHFSQQNSSKVSSQPK,142,160,SUZ12,FIFNYVYHPKGAR,475,487,[K154-K484],1,154,484,NoProtection,Semi,1,2,3,Moderate,2,DSS
64,Accepted,0.000000014,0.00000667,0.00000529,10,0.215920516,0.713609727,0.144623694,Cross-linked,Inter,Bound,18.05664,18.05664,4255,6,739.8511078,AEBP2,HVPTHFSQQNSSKVSSQPK,142,160,EZH2,KDGSSNHVYNYQPCDHPR,510,527,[K154-K510],1,154,510,NoProtection,Semi,1,2,3,Moderate,2,DSS
65,Accepted,0.000000396,1.51E-08,1,7,0.169474558,0.204896142,0.71220409,Cross-linked,Inter,Bound,14.82024,14.82024,3207,5,586.9104186,AEBP2,HVPTHFSQQNSSKVSSQPK,142,160,SUZ12,NGPVKR,518,523,[K154-K522],1,154,522,NoProtection,Semi,1,2,3,Moderate,2,DSS
66,Accepted,1.16E-20,3.69E-16,5.59E-13,29,1.814062077,0.253184,0.423800947,Cross-linked,Inter,Bound,24.00859,24.00859,6521,6,689.0027083,AEBP2,HVPTHFSQQNSSKVSSQPK,142,160,EZH2,AQCNTKQCPCYLAVR,564,578,[K154-K569],1,154,569,NoProtection,Semi,1,2,3,Moderate,2,DSS
67,Accepted,1.08E-15,4.8E-10,5.03E-10,17,0.27220777,1.307605109,1.034495463,Cross-linked,Inter,Bound,18.18282,18.18282,4306,5,725.9577511,AEBP2,HVPTHFSQQNSSKVSSQPK,142,160,EZH2,NVSCKNCSIQR,598,608,[K154-K602],1,154,602,NoProtection,Semi,1,2,3,Moderate,2,DSS
68,Accepted,0.00000011,0.00000269,0.00000799,11,0.820369352,0.480885255,0.067387084,Cross-linked,Inter,Bound,25.76926,25.76926,7243,5,741.7813755,AEBP2,HVPTHFSQQNSSKVSSQPK,142,160,EZH2,TEILNQEWKQR,53,63,[K154-K61],1,154,61,NoProtection,Semi,1,2,3,Moderate,2,DSS
69,Accepted,2.6E-19,3.21E-24,0.0000339,23,0.630921269,0.282020615,8.230928684,Cross-linked,Inter,Bound,17.50123,17.50123,4025,5,594.7081052,AEBP2,HVPTHFSQQNSSKVSSQPK,142,160,EZH2,GKVYDK,655,660,[K154-K656],1,154,656,NoProtection,Semi,1,2,3,Moderate,2,DSS
70,Accepted,5.93E-13,2.15E-16,0.000404951,17,2.75966052,6.227266273,0.083012819,Cross-linked,Inter,Bound,12.46651,12.46651,2424,5,542.0849556,AEBP2,HVPTHFSQQNSSKVSSQPK,142,160,EZH2,KGNK,680,683,[K154-K680],1,154,680,NoProtection,Semi,1,2,3,Moderate,2,DSS
71,Accepted,2.93E-10,0.000000039,0.00000192,10,1.235624744,0.638234649,0.613288735,Cross-linked,Intra,Bound,20.61678,20.61678,4393,5,450.0327246,EZH2,NYDGKVHGDR,152,161,EZH2,LIGTKTCR,457,464,[K156-K461],1,156,461,NoProtection,Semi,1,2,3,Moderate,2,BS3
72,Accepted,0.00000042,0.000000174,0.001885554,11,1.070014368,1.070014368,1.863090966,Cross-linked,Inter,Bound,12.84346,12.84346,2578,4,423.4897898,AEBP2,VSSQPKAK,155,162,EZH2,GKVYDK,655,660,[K160-K656],1,160,656,NoProtection,Semi,1,2,3,Moderate,2,DSS
73,Accepted,4.61E-28,4.08E-14,3.63E-15,20,0.849425404,0.873605768,0.530061143,Cross-linked,Inter,Bound,28.91765,28.9267,7678,4,792.1107122,RBBP4,HPSKPDPSGECNPDLR,158,173,AEBP2,GSMSSDGEPLSR,1,12,[K161-G1],1,161,1,Semi,NoProtection,2,1,3,Moderate,2,BS3
74,Accepted,3.12E-09,1.22E-10,0.000527618,11,0.780627264,0.291426323,0.133681958,Cross-linked,Intra,Bound,11.70388,11.70874,2086,4,561.033075,EZH2,QKDLEDHRDDK,200,210,EZH2,GSQTGKK,1,7,[K201-K6],1,201,6,Semi,NoProtection,2,1,3,Moderate,2,DSS
75,Accepted,1.28E-13,2.4E-14,0.000000167,25,0.61392129,0.853889695,1.634008489,Cross-linked,Intra,Bound,44.47542,44.47542,14647,5,1037.938305,SUZ12,QVPLNPDLNQTKPGNFPSLAVSSNEFEPSNSHMVK,213,247,SUZ12,STAPIAKPLATR,370,381,[K224-K376],1,224,376,Semi,NoProtection,2,1,3,Moderate,2,DSS
76,Accepted,0.0000053,0.00000812,0.000231021,10,0.978191792,0.337444789,1.586576727,Cross-linked,Inter,Bound,49.97589,49.97589,16680,5,693.9468996,EZH2,IFEAISSMFPDKGTAEELK,223,241,SUZ12,TFKVDDMLSK,132,141,[K234-S140],1,234,140,Semi,NoProtection,2,1,3,Moderate,2,DSS
77,Accepted,0.00000028,0.310631268,0.00000134,7,0.143863956,1.745668203,0.394405758,Cross-linked,Intra,Bound,21.68132,21.68132,5627,4,649.0777448,EZH2,GTAEELKEKYK,235,245,EZH2,NYDGKVHGDR,152,161,[K241-K156;K243-K156],2,241,156,Semi,NoProtection,2,1,3,Moderate,2,DSS
78,Accepted,1.67E-26,3.7E-34,0.000000509,34,1.219782645,0.13636135,3.390079361,Cross-linked,Intra,Bound,39.809375,39.81517,12908,4,924.4621344,EZH2,YKELTEQQLPGALPPECTPNIDGPNAK,244,270,EZH2,GSQTGK,1,6,[K245-G1],1,245,1,Semi,NoProtection,2,1,3,Moderate,2,DSS
79,Accepted,2.47E-14,2.41E-20,2,21,0.036556713,0.388108062,2.710233574,Cross-linked,Inter,Bound,48.04755,48.04755,16021,5,1061.532123,SUZ12,QVPLNPDLNQTKPGNFPSLAVSSNEFEPSNSHMVKSYSLLFR,213,254,RBBP4,GSADK,1,5,[K247-G1],1,247,1,Semi,NoProtection,2,1,3,Moderate,2,DSS
80,Accepted,4.74E-14,1.74E-14,3.02E-09,26,1.90454707,0.286974688,0.713799115,Cross-linked,Inter,Bound,44.47775,44.47775,14648,6,910.6203508,RBBP4,SNNTSKPSHSVDAHTAEVNCLSFNPYSEFILATGSADK,260,297,SUZ12,STAPIAKPLATR,370,381,[K265-K376],1,265,376,Semi,NoProtection,2,1,3,Moderate,2,DSS
81,Accepted,7.76E-09,0.000000114,0.00124191,11,1.558782299,0.467286713,2.777689948,Cross-linked,Intra,Bound,40.17483,40.17483,12302,4,1005.261065,EZH2,ELTEQQLPGALPPECTPNIDGPNAKSVQR,246,274,EZH2,KFPSDK,217,222,[K270-K217],1,270,217,Semi,NoProtection,2,1,3,Moderate,2,BS3
82,Accepted,3.95E-11,2.26E-09,1.58E-11,19,0.415846519,0.524910723,0.268274405,Cross-linked,Intra,Bound,35.92827,35.86055,11322,6,1010.159729,EZH2,ELTEQQLPGALPPECTPNIDGPNAKSVQR,246,274,EZH2,KNTETALDNKPCGPQCYQHLEGAK,309,332,[K270-K309],1,270,309,Semi,NoProtection,2,1,3,Moderate,2,DSS
83,Accepted,7.44E-17,6.41E-21,0.000111354,18,1.252360387,1.880172713,1.261132648,Cross-linked,Inter,Bound,53.94668,53.88887,17560,4,792.9380009,AEBP2,LPKDTALLLDPNIYR,274,288,SUZ12,ATWETILDGKR,333,343,[K276-K342],1,276,342,Semi,NoProtection,2,1,3,Moderate,2,BS3
84,Accepted,1.05E-13,0.000000493,1.77E-11,18,0.675296828,0.522084575,2.174688498,Cross-linked,Inter,Bound,31.76911,31.76911,9669,4,947.7219392,EED,ESYDYNPNKTNRPFISQK,278,295,SUZ12,EKALETDSVSGVSK,720,733,[K286-K721],1,286,721,Semi,NoProtection,2,1,3,Moderate,2,DSS
85,Accepted,6.22E-12,1.93E-13,2.76E-09,23,0.653136057,0.666200062,0.783920746,Cross-linked,Inter,Bound,30.43782,30.43782,9120,5,775.5886083,EED,ESYDYNPNKTNRPFISQK,278,295,SUZ12,ALETDSVSGVSKQSK,722,736,[K286-K733],1,286,733,Semi,NoProtection,2,1,3,Moderate,2,DSS
86,Accepted,3.88E-10,1.09E-13,0.459217885,15,0.834303528,0.334125723,0.337637023,Cross-linked,Inter,Bound,22.63518,22.63518,5998,4,707.8607613,EED,ESYDYNPNKTNRPFISQK,278,295,SUZ12,QSKK,734,737,[K286-K736],1,286,736,Semi,NoProtection,2,1,3,Moderate,2,DSS
87,Accepted,7.81E-16,5.57E-13,1.01E-09,29,4.501495087,4.980828789,4.049969479,Cross-linked,Intra,Bound,37.20858,37.25956,11120,5,1044.699232,EZH2,RKNTETALDNKPCGPQCYQHLEGAK,308,332,EZH2,YDCFLHPFHATPNTYKR,292,308,[K318-K307],1,318,307,Semi,NoProtection,2,1,3,Moderate,2,BS3
88,Accepted,1.93E-21,2.07E-20,2.84E-12,29,1.674185107,1.399860957,0.394266831,Cross-linked,Inter,Bound,32.25949,32.222,9866,5,844.4050902,EZH2,NTETALDNKPCGPQCYQHLEGAK,310,332,SUZ12,EKALETDSVSGVSK,720,733,[K318-K721],1,318,721,Semi,NoProtection,2,1,3,Moderate,2,DSS
89,Accepted,1.59E-18,5.76E-21,0.000000787,19,0.278425593,0.554800212,0.159324293,Cross-linked,Inter,Bound,32.78431,32.78431,10096,4,546.0560879,SUZ12,ATWETILDGKR,333,343,AEBP2,HQLKTK,262,267,[K342-K265],1,342,265,NoProtection,Semi,1,2,3,Moderate,2,DSS
90,Accepted,3.13E-11,5.11E-11,0.0000539,13,0.503989508,0.409404591,0.358239553,Cross-linked,Inter,Bound,40.12308,40.12308,13025,4,594.5742137,SUZ12,ATWETILDGKR,333,343,EZH2,LIGTKTCR,457,464,[K342-K461],1,342,461,NoProtection,Semi,1,2,3,Moderate,2,DSS
91,Accepted,2.62E-08,0.000443686,0.00000131,7,0.267451663,0.063719896,1.263593944,Cross-linked,Inter,Bound,45.21043,45.21043,14315,4,588.796744,SUZ12,ATWETILDGKR,333,343,EED,NYVDCVR,309,315,[K342-Y310],1,342,310,NoProtection,Semi,1,2,3,Moderate,2,BS3
92,Accepted,2.35E-16,3.08E-20,0.000570345,15,0.183786953,0.282537726,0.706990702,Cross-linked,Intra,Bound,26.44519,26.44519,7521,4,499.2993533,SUZ12,STAPIAKPLATR,370,381,SUZ12,TNIKR,126,130,[K376-K129],1,376,129,NoProtection,Semi,1,2,3,Moderate,2,DSS
93,Accepted,1.57E-09,1.73E-09,0.004197475,11,0.559010197,0.600873447,0.914809299,Cross-linked,Inter,Bound,20.36984,20.36984,5131,5,437.2496007,SUZ12,STAPIAKPLATR,370,381,AEBP2,RKEDSGK,232,238,[K376-K233],1,376,233,NoProtection,Semi,1,2,3,Moderate,2,DSS
94,Accepted,2.56E-19,9.41E-21,0.000000154,24,1.779629082,1.059755943,0.040397368,Cross-linked,Inter,Bound,28.48043,28.48043,8329,4,569.3440231,SUZ12,STAPIAKPLATR,370,381,AEBP2,TKVVHLSK,266,273,[K376-K267],1,376,267,NoProtection,Semi,1,2,3,Moderate,2,DSS
95,Accepted,9.16E-16,5.27E-19,0.000000598,25,0.056385427,0.358843228,0.268447754,Cross-linked,Inter,Bound,18.99471,18.99471,4606,5,659.3461772,SUZ12,NSESLHQENKPGSVKPTQTIAVK,382,404,AEBP2,KEDSGK,233,238,[K391-K233],1,391,233,NoProtection,Semi,1,2,3,Moderate,2,DSS
96,Accepted,1.19E-14,2.61E-23,0.010473709,26,0.286712274,0.267160922,1.050063715,Cross-linked,Inter,Bound,18.60466,18.60466,4483,5,738.8022003,SUZ12,NSESLHQENKPGSVKPTQTIAVK,382,404,AEBP2,RKEDSGKIK,232,240,[K391-K238],1,391,238,NoProtection,Semi,1,2,3,Moderate,2,DSS
97,Accepted,1.59E-28,1.47E-32,4.76E-09,27,0.61900811,0.697404911,0.021444937,Cross-linked,Inter,Bound,23.05168,23.05168,6173,4,885.9900192,SUZ12,NSESLHQENKPGSVKPTQTIAVK,382,404,AEBP2,TKVVHLSK,266,273,[K391-K267],1,391,267,NoProtection,Semi,1,2,3,Moderate,2,DSS
98,Accepted,8.64E-13,0.00000016,1.33E-12,20,0.157060527,1.113495621,2.270554424,Cross-linked,Intra,Bound,28.10739,28.07603,8141,6,798.5895255,SUZ12,NSESLHQENKPGSVKPTQTIAVK,382,404,SUZ12,WTGETNDKSTAPIAKPLATR,362,381,[K391-K369],1,391,369,NoProtection,Semi,1,2,3,Moderate,2,DSS
99,Accepted,7.11E-11,1.83E-12,0.00000011,20,1.592058197,0.63471301,0.478971255,Cross-linked,Inter,Bound,18.66435,18.66435,4502,5,659.3461772,SUZ12,NSESLHQENKPGSVKPTQTIAVK,382,404,AEBP2,KEDSGK,233,238,[K396-K233],1,396,233,NoProtection,Semi,1,2,3,Moderate,2,DSS
100,Accepted,1.01E-19,1.58E-26,0.0000283,26,0.199399288,0.12922638,0.861901766,Cross-linked,Inter,Bound,18.781,18.781,4536,5,677.5714166,SUZ12,NSESLHQENKPGSVKPTQTIAVK,382,404,AEBP2,HQLKTK,262,267,[K396-K265],1,396,265,NoProtection,Semi,1,2,3,Moderate,2,DSS
101,Accepted,4.69E-09,4.58E-08,0.00000208,14,0.701604627,1.328648611,0.11292311,Cross-linked,Intra,Bound,30.61078,30.61078,9201,5,699.591079,SUZ12,NSESLHQENKPGSVKPTQTIAVK,382,404,SUZ12,KLYSLLK,460,466,[K396-K460;K391-K460],2,396,460,NoProtection,Semi,1,2,3,Moderate,2,DSS
102,Accepted,3.17E-13,2.74E-10,6.93E-09,14,0.225141458,0.612686561,0.109311559,Cross-linked,Intra,Bound,29.01512,29.01512,7708,4,667.8159273,EZH2,ADEVKSMFSSNR,35,46,EZH2,NYDGKVHGDR,152,161,[K39-K156],1,39,156,Semi,NoProtection,2,1,3,Moderate,2,BS3
103,Accepted,0.00000138,0.002931204,0.000406575,6,0.690033829,0.521637001,1.995232223,Cross-linked,Intra,Bound,41.03633,41.03633,13372,4,662.0783218,EED,LYVWDLEVEDPHKAK,388,402,EED,GSMSER,1,6,[K400-G1],1,400,1,Semi,NoProtection,2,1,3,Moderate,2,DSS
104,Accepted,9.52E-14,1.48E-12,3.85E-08,19,0.624476614,0.521857437,0.858894101,Cross-linked,Inter,Bound,34.96918,34.96918,11018,5,628.7154604,EED,LYVWDLEVEDPHKAK,388,402,EZH2,NYDGKVHGDR,152,161,[K400-K156],1,400,156,Semi,NoProtection,2,1,3,Moderate,2,DSS
105,Accepted,2.95E-13,5.52E-13,0.0000141,13,0.907936264,0.302508485,0.524556725,Cross-linked,Inter,Bound,11.4569,11.4569,1987,4,478.4992519,EED,AKCTTLTHHK,401,410,EZH2,GSQTGK,1,6,[K402-G1],1,402,1,Semi,NoProtection,2,1,3,Moderate,2,DSS
106,Accepted,1.12E-08,3.64E-14,0.008256187,21,0.623521491,0.43884005,0.01879933,Cross-linked,Inter,Bound,27.8454,27.8454,8045,7,691.5139879,SUZ12,NSESLHQENKPGSVKPTQTIAVKESLTTDLQTR,382,414,AEBP2,RKEDSGKIK,232,240,[K404-K238],1,404,238,NoProtection,Semi,1,2,3,Moderate,2,DSS
107,Accepted,4.85E-15,2.96E-21,0.00000887,30,0.089184458,0.991845864,1.25459606,Cross-linked,Inter,Bound,30.92085,30.92085,9349,6,781.7578318,SUZ12,NSESLHQENKPGSVKPTQTIAVKESLTTDLQTR,382,414,AEBP2,TKVVHLSK,266,273,[K404-K267],1,404,267,NoProtection,Semi,1,2,3,Moderate,2,DSS
108,Accepted,1.54E-23,3.51E-26,0.000000846,26,1.84713889,0.249923269,0.931403344,Cross-linked,Intra,Bound,38.07795,38.08791,12218,5,928.5055512,SUZ12,NSESLHQENKPGSVKPTQTIAVKESLTTDLQTR,382,414,SUZ12,KLYSLLK,460,466,[K404-K460],1,404,460,NoProtection,Semi,1,2,3,Moderate,2,DSS
109,Accepted,0.000000155,4.04E-10,0.000843997,19,0.280424175,0.041812486,0.384213646,Cross-linked,Intra,Bound,39.20918,39.20918,12692,7,770.2614318,SUZ12,NSESLHQENKPGSVKPTQTIAVKESLTTDLQTR,382,414,SUZ12,FIFNYVYHPKGAR,475,487,[K404-K484],1,404,484,NoProtection,Semi,1,2,3,Moderate,2,DSS
110,Accepted,5.16E-19,3.91E-08,2.17E-14,17,0.02428266,0.417678318,1.270671915,Cross-linked,Inter,Bound,13.29029,13.29029,2758,4,570.5642755,SUZ12,KEKDTPNENR,415,424,AEBP2,TKVVHLSK,266,273,[K415-K267;K417-K267],2,415,267,NoProtection,Semi,1,2,3,Moderate,2,DSS
111,Accepted,7.89E-18,0.000000116,1.63E-14,17,0.201805776,0.086288464,0.511800687,Cross-linked,Intra,Bound,25.20823,25.20823,6146,4,558.811286,SUZ12,KEKDTPNENR,415,424,SUZ12,KLYSLLK,460,466,[K415-K460;K417-K460],2,415,460,NoProtection,Semi,1,2,3,Moderate,2,BS3
112,Accepted,2.42E-26,4.79E-13,1.55E-20,23,0.185353499,0.580649226,1.277712204,Cross-linked,Intra,Bound,24.67824,24.67824,6795,4,558.811286,SUZ12,KEKDTPNENR,415,424,SUZ12,KLYSLLK,460,466,[K415-K460],1,415,460,NoProtection,Semi,1,2,3,Moderate,2,DSS
113,Accepted,9.09E-08,9.75E-09,0.297128071,10,0.84425166,0.84425166,0.286021734,Cross-linked,Intra,Bound,15.33494,15.33494,2777,4,468.4958668,SUZ12,EKDTPNENR,416,424,SUZ12,TNIKR,126,130,[K417-K129],1,417,129,NoProtection,Semi,1,2,3,Moderate,2,BS3
114,Accepted,1.92E-17,5.07E-12,2.26E-08,16,0.536659107,0.630432069,0.995282554,Cross-linked,Inter,Bound,17.92263,17.92263,4200,4,538.5405366,SUZ12,EKDTPNENR,416,424,AEBP2,TKVVHLSK,266,273,[K417-K267],1,417,267,NoProtection,Semi,1,2,3,Moderate,2,DSS
115,Accepted,3.79E-12,3.9E-11,0.0000219,12,1.611901271,1.611901271,0.373594849,Cross-linked,Inter,Bound,30.99287,30.99287,9382,3,526.9748699,SUZ12,KLYSLLK,460,466,EZH2,GSQTGK,1,6,[K460-G1],1,460,1,Semi,NoProtection,2,1,3,Moderate,2,DSS
116,Accepted,5.12E-17,6.5E-16,0.00000509,18,0.719566552,0.473736478,0.442679193,Cross-linked,Inter,Bound,34.93781,34.93781,11004,4,941.9914171,EZH2,VKESSIIAPAPAEDVDTPPR,471,490,SUZ12,ALETDSVSGVSKQSK,722,736,[K472-K733],1,472,733,Semi,NoProtection,2,1,3,Moderate,2,DSS
117,Accepted,1.69E-16,3.32E-16,0.000000203,16,0.210355612,0.498306646,0.902989142,Cross-linked,Intra,Bound,43.78044,43.78044,13734,4,961.2518682,EZH2,VKESSIIAPAPAEDVDTPPR,471,490,EZH2,YSQADALKYVGIER,728,741,[K472-K735],1,472,735,Semi,NoProtection,2,1,3,Moderate,2,BS3
118,Accepted,1.7E-18,2.99E-21,0.000133911,20,0.21433556,0.765057551,0.670155001,Cross-linked,Inter,Bound,30.8999,30.8999,9339,4,649.1035658,SUZ12,FIFNYVYHPKGAR,475,487,AEBP2,VSSQPKAK,155,162,[K484-K160],1,484,160,Semi,NoProtection,2,1,3,Moderate,2,DSS
119,Accepted,9.57E-10,0.00000776,1.43E-08,11,0.516226423,0.449560395,0.10082257,Cross-linked,Inter,Bound,31.16264,31.16264,9439,5,525.675947,SUZ12,FIFNYVYHPKGAR,475,487,AEBP2,AKEESPSK,161,168,[K484-K162],1,484,162,Semi,NoProtection,2,1,3,Moderate,2,DSS
120,Accepted,4.26E-19,3.44E-20,0.00000493,16,1.148543086,0.554181134,0.077760087,Cross-linked,Intra,Bound,29.33508,29.33508,8681,4,745.6332145,SUZ12,FIFNYVYHPKGAR,475,487,SUZ12,KEKDTPNENR,415,424,[K484-K415;K484-K417],2,484,415,Semi,NoProtection,2,1,3,Moderate,2,DSS
121,Accepted,0.00000107,0.000000223,0.008243888,7,1.326245764,0.694054459,1.921830123,Cross-linked,Intra,Bound,36.12099,36.12099,10705,5,459.4578833,SUZ12,FIFNYVYHPKGAR,475,487,SUZ12,QKLR,425,428,[K484-K426],1,484,426,Semi,NoProtection,2,1,3,Moderate,2,BS3
122,Accepted,7.42E-08,7.42E-09,0.012943667,7,1.727490025,2.265154205,4.483072661,Cross-linked,Inter,Bound,42.33453,42.33453,13170,4,1113.020639,SUZ12,TKASMSEFLESEDGEVEQQR,537,556,AEBP2,GCKVYNTPSTSQSWLQR,95,111,[K538-K97],1,538,97,NoProtection,Semi,1,2,3,Moderate,2,BS3
123,Accepted,1.8E-15,1.18E-14,0.0000832,15,0.108424577,0.189789341,0.138780462,Cross-linked,Inter,Bound,23.95707,23.95707,6498,4,713.3569017,EZH2,AQCNTKQCPCYLAVR,564,578,AEBP2,VSSQPKAK,155,162,[K569-K160],1,569,160,Semi,NoProtection,2,1,3,Moderate,2,DSS
124,Accepted,5.59E-16,1.07E-12,0.000000035,14,0.265675189,0.150158065,0.624049668,Cross-linked,Inter,Bound,24.09083,24.09083,6556,4,721.0964505,EZH2,AQCNTKQCPCYLAVR,564,578,AEBP2,AKEESPSK,161,168,[K569-K162],1,569,162,Semi,NoProtection,2,1,3,Moderate,2,DSS
125,Accepted,3.8E-14,3.66E-13,0.00000161,15,0.261255111,0.53100116,1.143190554,Cross-linked,Inter,Bound,24.29899,24.29899,6632,5,677.3260013,EZH2,AQCNTKQCPCYLAVR,564,578,AEBP2,AKEESPSKAGMNK,161,173,[K569-K168],1,569,168,Semi,NoProtection,2,1,3,Moderate,2,DSS
126,Accepted,0.000000106,0.083661572,2.26E-08,9,1.571746808,0.725888772,0.541576386,Cross-linked,Inter,Bound,38.36319,38.36319,12329,5,937.801921,EZH2,ECDPDLCLTCGAADHWDSKNVSCK,579,602,RBBP4,GSADKEAAFDDAVEER,1,16,[K597-K5;K597-G1],2,597,5,Semi,NoProtection,2,1,3,Moderate,2,DSS
127,Accepted,5.52E-12,1.89E-10,0.000000271,12,2.599296782,0.605726798,2.064484118,Cross-linked,Intra,Bound,53.63845,53.63845,17475,5,743.8109421,EZH2,KHLLLAPSDVAGWGIFIK,612,629,EZH2,YSQADALKYVGIER,728,741,[K612-K735],1,612,735,Semi,NoProtection,2,1,3,Moderate,2,BS3
128,Accepted,3.05E-08,0.000000226,0.002178949,13,0.745855719,1.885458971,0.0859249,Cross-linked,Inter,Bound,46.75944,46.75473,15518,7,1011.795843,EZH2,HLLLAPSDVAGWGIFIKDPVQKNEFISEYCGEIISQDEADRR,613,654,AEBP2,HVPTHFSQQNSSKVSSQPK,142,160,[K629-K154;K634-K154],2,629,154,Semi,NoProtection,2,1,3,Moderate,2,DSS
129,Accepted,1.84E-20,1.62E-12,3.86E-09,17,2.923415185,0.663513362,2.746156634,Cross-linked,Inter,Bound,45.629675,45.61639,15099,4,1090.250994,EZH2,DPVQKNEFISEYCGEIISQDEADRR,630,654,AEBP2,GSMSSDGEPLSR,1,12,[K634-G1],1,634,1,Semi,NoProtection,2,1,3,Moderate,2,DSS
130,Accepted,9.25E-19,1.39E-17,0.00000028,22,3.119420837,1.732248808,1.23140779,Cross-linked,Inter,Bound,38.26148,38.26148,12290,4,1003.47851,EZH2,DPVQKNEFISEYCGEIISQDEADRR,630,654,AEBP2,AKEESPSK,161,168,[K634-K162],1,634,162,Semi,NoProtection,2,1,3,Moderate,2,DSS
131,Accepted,1.49E-17,6.44E-23,1.070695844,18,0.024362705,0.15746885,1.170714778,Cross-linked,Inter,Bound,22.80986,22.80986,6067,4,551.7996469,SUZ12,EKALETDSVSGVSK,720,733,EED,INSKR,267,271,[K721-K270],1,721,270,NoProtection,Semi,1,2,3,Moderate,2,DSS
132,Accepted,2.22E-19,1E-14,0.000000138,17,1.077556084,0.135510136,0.745737943,Cross-linked,Inter,Bound,25.71215,25.71215,7220,4,738.8654493,SUZ12,EKALETDSVSGVSK,720,733,EZH2,NVSCKNCSIQR,598,608,[K721-K602],1,721,602,NoProtection,Semi,1,2,3,Moderate,2,DSS
133,Accepted,6.78E-15,1.67E-16,0.00000355,18,1.166867622,0.549548718,4.108915841,Cross-linked,Inter,Bound,25.6063,25.6063,7180,4,630.33659,SUZ12,ALETDSVSGVSKQSK,722,736,RBBP4,EGKVVDAK,214,221,[K733-K216],1,733,216,NoProtection,Semi,1,2,3,Moderate,2,DSS
134,Accepted,3.07E-15,1.94E-11,0.000000136,19,0.222677515,0.147382751,0.722009838,Cross-linked,Inter,Bound,24.66382,24.66382,6790,4,760.3774513,SUZ12,ALETDSVSGVSKQSK,722,736,EZH2,NVSCKNCSIQR,598,608,[K733-K602],1,733,602,NoProtection,Semi,1,2,3,Moderate,2,DSS
135,Accepted,8E-20,2.26E-20,0.00000719,18,0.070126968,0.326054536,1.337099304,Cross-linked,Intra,Bound,26.28273,26.28273,7452,4,590.8312105,SUZ12,ALETDSVSGVSKQSK,722,736,SUZ12,AVTKLR,678,683,[K733-K681],1,733,681,NoProtection,Semi,1,2,3,Moderate,2,DSS
136,Accepted,0.00000657,0.000000262,0.074834693,8,1.683818591,0.351517067,0.67901541,Cross-linked,Inter,Bound,34.68409,34.68409,10098,5,630.3244281,EZH2,YSQADALKYVGIER,728,741,AEBP2,HMLTHSGDKPFK,112,123,[K735-K120],1,735,120,NoProtection,Semi,1,2,3,Moderate,2,BS3
137,Accepted,1.53E-12,1.25E-08,6.96E-08,13,2.559675813,0.966454902,3.01529917,Cross-linked,Inter,Bound,38.89341,38.89341,11808,4,681.8560566,EZH2,YSQADALKYVGIER,728,741,SUZ12,KDVSCPIR,198,205,[K735-K198],1,735,198,NoProtection,Semi,1,2,3,Moderate,2,BS3
138,Accepted,5.96E-09,1.41E-11,0.0000122,13,0.83504703,1.116093265,1.050642435,Cross-linked,Intra,Bound,38.68981,38.68981,11720,4,634.8496677,EZH2,YSQADALKYVGIER,728,741,EZH2,QKILER,47,52,[K735-K48],1,735,48,NoProtection,Semi,1,2,3,Moderate,2,BS3
139,Accepted,0.00000716,0.00000238,0.001223623,10,0.1501591,0.588008145,0.225802998,Cross-linked,Inter,Bound,44.83327,44.83327,14152,5,673.1531522,EZH2,YSQADALKYVGIER,728,741,SUZ12,FIFNYVYHPKGAR,475,487,[K735-K484],1,735,484,NoProtection,Semi,1,2,3,Moderate,2,BS3
140,Accepted,1.08E-23,4.92E-28,0.028686993,23,1.388322242,0.698242983,1.086728545,Cross-linked,Inter,Bound,42.12587,42.12587,13766,5,689.7436427,SUZ12,MEHVQADHELFLQAFEKPTQIYR,77,99,RBBP4,GSADK,1,5,[K93-G1],1,93,1,Semi,NoProtection,2,1,3,Moderate,2,DSS
141,Accepted,1.13E-28,6.45E-17,1.62E-13,25,0.479610929,0.079094499,0.962488792,Cross-linked,Intra,Bound,38.45374,38.45374,12369,4,843.646188,AEBP2,GCKVYNTPSTSQSWLQR,95,111,AEBP2,GSMSSDGEPLSR,1,12,[K97-G1],1,97,1,Semi,NoProtection,2,1,3,Moderate,2,DSS
142,Accepted,3.33E-16,5.16E-16,0.000000072,17,0.35451506,0.939639227,2.215952092,Cross-linked,Inter,Bound,30.40139,30.38087,8233,5,662.7199002,AEBP2,GCKVYNTPSTSQSWLQR,95,111,EZH2,NYDGKVHGDR,152,161,[K97-K156],1,97,156,Semi,NoProtection,2,1,3,Moderate,2,BS3
143,Accepted,5.43E-15,1.35E-16,0.0000101,19,0.205155246,0.206811307,0.205570657,Cross-linked,Intra,Bound,28.29896,28.29896,8243,4,749.1341545,AEBP2,GCKVYNTPSTSQSWLQR,95,111,AEBP2,VSSQPKAK,155,162,[K97-K160],1,97,160,Semi,NoProtection,2,1,3,Moderate,2,DSS
144,Accepted,4.25E-23,2.28E-26,0.000000832,26,1.0051126,0.354873907,0.392403645,Cross-linked,Intra,Bound,28.43139,28.43139,8305,4,756.8737033,AEBP2,GCKVYNTPSTSQSWLQR,95,111,AEBP2,AKEESPSK,161,168,[K97-K162],1,97,162,Semi,NoProtection,2,1,3,Moderate,2,DSS
145,Accepted,2.61E-13,2.83E-17,0.00618085,18,0.632649976,0.453062196,0.212683569,Cross-linked,Inter,Bound,44.30765,44.30765,14577,4,860.4331832,AEBP2,GCKVYNTPSTSQSWLQR,95,111,SUZ12,ATWETILDGKR,333,343,[K97-K342],1,97,342,Semi,NoProtection,2,1,3,Moderate,2,DSS
146,Accepted,8.82E-26,9.47E-19,1.82E-15,26,1.50363079,0.409083225,2.090704865,Cross-linked,Inter,Bound,37.14762,37.14762,11840,4,965.4522971,AEBP2,GCKVYNTPSTSQSWLQR,95,111,RBBP4,GSADKEAAFDDAVEER,1,16,[K97-K5],1,97,5,Semi,NoProtection,2,1,3,Moderate,2,DSS
147,Accepted,2.87E-08,1.81E-08,0.003584945,10,0.008841494,0.107654198,2.734318797,Cross-linked,Inter,Bound,54.52992,54.52992,17770,4,801.4114569,EZH2,VLIGTYYDNFCAIAR,442,456,SUZ12,ATWETILDGKR,333,343,[T446-K342;Y447-K342;Y448-K342],3,446,342,Semi,NoProtection,2,1,3,Moderate,2,BS3
148,Accepted,2.64E-08,3.89E-08,0.00000679,10,1.041464133,2.02301448,1.634726235,Cross-linked,Intra,Bound,38.72852,38.72852,11735,5,495.4958101,EZH2,IQPVHILTSVSSLR,65,78,EZH2,QKILER,47,52,[T72-K48;S73-K48],2,72,48,NoProtection,Semi,1,2,3,Moderate,2,BS3
