Protein,From,To,Status
AEBP2,1,24,Unprotected
AEBP2,25,57,Semi
AEBP2,58,62,No coverage
AEBP2,63,150,Semi
AEBP2,151,168,Unprotected
AEBP2,169,190,No coverage
AEBP2,191,197,Semi
AEBP2,198,209,Unpotected
AEBP2,210,294,Semi
AEBP2,295,297,No coverage
EED,1,24,Unprotected
EED,25,81,No coverage
EED,82,90,Semi
EED,91,103,Fully protected
EED,104,208,Semi
EED,209,219,Fully protected
EED,220,273,Semi
EED,274,280,Fully protected
EED,281,358,Semi
EED,359,363,No coverage
EED,364,370,Semi
EED,371,373,No coverage
EED,374,393,Fully protected
EED,394,427,Semi
EED,428,443,Fully protected
EZH2,1,18,Unprotected
EZH2,19,25,No coverage
EZH2,26,50,Semi
EZH2,51,58,Fully protected
EZH2,59,71,Semi
EZH2,72,84,Unprotected
EZH2,85,101,Semi
EZH2,102,118,Fully protected
EZH2,119,167,Unprotected
EZH2,168,209,Semi
EZH2,210,210,No coverage
EZH2,211,228,Unprotected
EZH2,229,281,Semi
EZH2,282,289,No coverage
EZH2,290,292,Semi
EZH2,293,309,Unprotected
EZH2,310,342,Semi
EZH2,343,357,No coverage
EZH2,358,395,Unprotected
EZH2,396,419,No coverage
EZH2,420,451,Semi
EZH2,452,453,No coverage
EZH2,454,472,Semi
EZH2,473,498,Unprotected
EZH2,499,505,Semi
EZH2,506,509,No coverage
EZH2,510,542,Semi
EZH2,543,563,No coverage
EZH2,564,700,Semi
EZH2,701,713,Fully protected
EZH2,714,728,Semi
EZH2,729,746,Unprotected
RBBP4,1,11,Unprotected
RBBP4,12,16,Semi
RBBP4,17,33,Fully protected
RBBP4,34,90,Semi
RBBP4,91,117,Unprotected
RBBP4,118,121,No coverage
RBBP4,122,243,Semi
RBBP4,244,258,Fully protected
RBBP4,259,271,Semi
RBBP4,272,280,Fully protected
RBBP4,281,287,Semi
RBBP4,288,331,Fully protected
RBBP4,332,397,Semi
RBBP4,398,405,Fully protected
RBBP4,406,426,Semi
SUZ12,1,60,No coverage
SUZ12,61,68,Semi
SUZ12,69,75,No coverage
SUZ12,76,82,Semi
SUZ12,83,85,No coverage
SUZ12,86,111,Semi
SUZ12,112,123,Fully protected
SUZ12,124,129,Semi
SUZ12,130,131,No coverage
SUZ12,132,139,Semi
SUZ12,140,154,Unprotected
SUZ12,155,262,Semi
SUZ12,263,271,No coverage
SUZ12,272,281,Semi
SUZ12,282,294,No coverage
SUZ12,295,305,Unprotected
SUZ12,306,323,Semi
SUZ12,324,360,Unprotected
SUZ12,361,369,Semi
SUZ12,370,431,Unprotected
SUZ12,432,460,Semi
SUZ12,461,471,Fully protected
SUZ12,472,530,Semi
SUZ12,531,556,Unprotected
SUZ12,557,653,Semi
SUZ12,654,667,Fully protected
SUZ12,668,678,Unprotected
SUZ12,679,688,Semi
SUZ12,689,740,Unprotected
